{
  "analysis_metadata": {
    "target_url": "https://if4yb5jxn92w.space.minimax.io",
    "analysis_date": "2025-09-15",
    "analysis_type": "Front-end technical analysis",
    "methodology": ["DOM inspection", "Endpoint enumeration", "Console monitoring", "Element analysis"]
  },
  "application_identification": {
    "name": "AI GYM",
    "subtitle": "Training Zone Access Portal",
    "attribution": "Created by MiniMax Agent",
    "application_type": "Single Page Application (SPA)",
    "primary_interface": "Login-based authentication system"
  },
  "frontend_architecture": {
    "framework": "React (inferred from id='root')",
    "css_framework": "Tailwind CSS",
    "build_system": "Modern bundler (webpack/Vite likely)",
    "component_structure": "Component-based architecture"
  },
  "dom_structure": {
    "root_element": {
      "id": "root",
      "significance": "React application mounting point"
    },
    "form_elements": {
      "email_input": {
        "id": "email",
        "name": "email",
        "type": "email",
        "autocomplete": "email",
        "classes": "w-full px-3 py-2.5 border border-gray-300 rounded-lg shadow-sm placeholder-gray-400 focus:outline-none focus:ring-2 focus:ring-blue-500 focus:border-blue-500 transition-colors"
      },
      "password_input": {
        "id": "password",
        "name": "password",
        "type": "password",
        "classes": "w-full px-3 py-2.5 pr-10 border border-gray-300 rounded-lg shadow-sm placeholder-gray-400 focus:outline-none focus:ring-2 focus:ring-blue-500 focus:border-blue-500 transition-colors"
      },
      "submit_button": {
        "type": "submit",
        "text": "Sign In"
      },
      "password_toggle": {
        "type": "button",
        "functionality": "Password visibility toggle"
      }
    }
  },
  "authentication_system": {
    "console_logs_discovered": [
      {
        "message": "🔄 Auth state change: INITIAL_SESSION",
        "timestamp": "2025-09-15T04:58:23.051Z",
        "type": "console.log"
      },
      {
        "message": "🔐 Auth initialization: [object Object]",
        "timestamp": "2025-09-15T04:58:23.053Z",
        "type": "console.log"
      }
    ],
    "features": [
      "State-based authentication management",
      "Initial session state tracking",
      "Object-based auth configuration",
      "Real-time auth state monitoring",
      "Automatic redirect to login for unauthenticated users"
    ]
  },
  "routing_behavior": {
    "root_redirect": "/ → /login (automatic)",
    "authentication_wall": "All routes require authentication",
    "accessible_pages": ["/login"],
    "protected_pages": ["/ (root)", "inferred: /dashboard"]
  },
  "endpoint_enumeration_results": {
    "tested_endpoints": [
      "/api",
      "/api/health", 
      "/version",
      "/static",
      "/static/js/main.js",
      "/assets/index.js",
      "/robots.txt",
      "/sitemap.xml"
    ],
    "all_results": "404 Not Found",
    "implications": [
      "API endpoints may be protected or use different paths",
      "Static assets may be served from CDN or different path",
      "Application uses bundled assets rather than individual files"
    ]
  },
  "css_analysis": {
    "framework": "Tailwind CSS",
    "utility_classes_found": [
      "w-full",
      "px-3",
      "py-2.5",
      "border",
      "border-gray-300",
      "rounded-lg",
      "shadow-sm",
      "placeholder-gray-400",
      "focus:outline-none",
      "focus:ring-2",
      "focus:ring-blue-500",
      "focus:border-blue-500",
      "transition-colors"
    ],
    "design_patterns": [
      "Consistent spacing utilities",
      "Focus state management",
      "Color scheme using blue-500 accent",
      "Shadow and border styling",
      "Responsive design utilities"
    ]
  },
  "javascript_analysis": {
    "direct_access": "Blocked - files return 404 or redirect",
    "inferred_features": [
      "React component system",
      "Authentication state management",
      "Form validation",
      "Password toggle functionality",
      "Automatic routing/redirects"
    ],
    "console_activity": "Active authentication system logging"
  },
  "security_observations": {
    "positive_features": [
      "Authentication required for all routes",
      "Automatic redirects for unauthenticated users",
      "Form validation implemented",
      "Proper input types and validation",
      "Password field masking with toggle"
    ],
    "limitations_in_analysis": [
      "Cannot access developer tools directly",
      "API endpoint security not testable due to 404s",
      "Session management mechanisms not fully visible",
      "CSRF protection cannot be verified without form submission"
    ]
  },
  "browser_storage_analysis": {
    "access_limitations": "Browser security restrictions prevented direct storage inspection",
    "inferred_usage": [
      "Session-based authentication storage",
      "Auth state persistence (from SPA behavior)",
      "Likely localStorage for session management"
    ]
  },
  "component_names_inferred": [
    "LoginForm",
    "AuthProvider", 
    "PasswordToggle",
    "App"
  ],
  "api_endpoints_inferred": [
    "/api/auth/login (likely)",
    "/api/auth/logout (likely)",
    "/api/user/* (likely)",
    "/api/dashboard/* (likely)"
  ],
  "recommendations_for_further_analysis": [
    "Attempt authentication with valid credentials",
    "Monitor network traffic during form submission",
    "Use authenticated session to test protected endpoints",
    "Access browser storage via developer tools if available",
    "Test for source maps or unminified resources"
  ]
}