{"cron_job_id": 1, "cron_expression": "0 2 * * *", "edge_function_name": "analytics-computation-cron", "cron_job_name": "analytics-computation-cron_invoke", "raw_sql": "\n            CREATE OR REPLACE PROCEDURE analytics_computation_cron_16f1d2d9()\n            LANGUAGE plpgsql\n            AS $$\n            BEGIN\n            PERFORM net.http_post(\n            url:='https://givgsxytkbsdrlmoxzkp.supabase.co/functions/v1/analytics-computation-cron',\n            headers:=jsonb_build_object('Content-Type', 'application/json'),\n            body:='{\"edge_function_name\":\"analytics-computation-cron\"}',\n            timeout_milliseconds:=10000\n            );\n            COMMIT;\n            END;\n            $$;\n\n            SELECT cron.schedule('analytics-computation-cron_invoke', '0 2 * * *', 'CALL analytics_computation_cron_16f1d2d9()');\n            "}